{"train_loss": [0.582832932472229, 0.47213226556777954, 1.3697609901428223, 1.2270629405975342, 1.1520074605941772, 0.5451045036315918, 0.5581915974617004, 0.6985818147659302, 0.531674325466156, 0.5313870906829834, 0.7917004823684692, 0.6876420974731445, 0.49287599325180054, 0.587117075920105, 0.4048256576061249, 0.36905422806739807, 0.3222896158695221, 0.41462403535842896, 0.32714584469795227, 0.48708057403564453, 0.3131464719772339, 0.6219726204872131, 0.3211343586444855, 0.18538159132003784, 0.43010061979293823, 0.4761826694011688, 0.3600700795650482, 0.6398221254348755, 0.2911069691181183, 0.47371289134025574, 0.8717656135559082, 0.42039746046066284, 0.4451707601547241, 0.5295051336288452, 0.33241400122642517, 0.19759517908096313, 0.26793980598449707, 0.7594801783561707, 0.13509993255138397, 0.2904585003852844, 0.5639776587486267, 0.4249661862850189, 0.4590248763561249, 0.3438620865345001, 0.3337339758872986, 0.4323507249355316, 0.3705369234085083, 0.1889183074235916, 0.6661475300788879, 0.2510249614715576, 0.31468313932418823, 0.5535596609115601, 0.2910389006137848, 0.6338319182395935, 0.5110583901405334, 0.6549734473228455, 0.2551751136779785, 0.28949710726737976, 0.4898885190486908, 0.26440873742103577, 0.321601003408432, 0.17034387588500977, 0.4059319794178009, 0.24851109087467194, 0.6634028553962708, 0.5443376898765564, 0.22342753410339355, 0.3520790934562683, 0.23733188211917877, 0.5883393287658691, 0.7210344076156616, 0.24550318717956543, 0.2016788125038147, 0.37394213676452637, 0.21159541606903076, 0.24673078954219818, 1.2660107612609863], "train_acc_class_0": [82.26299694189602], "train_acc_class_1": [73.02904564315352], "val_loss": [0.389692616276443], "val_acc": [84.640522875817], "val_precision": [0.8489927044264033], "val_recall": [0.8464052287581699], "train_acc": [0.625, 0.78125, 0.7291666666666666, 0.6875, 0.675, 0.6979166666666666, 0.6785714285714286, 0.671875, 0.6944444444444444, 0.6875, 0.6818181818181818, 0.6822916666666666, 0.6875, 0.6830357142857143, 0.7, 0.70703125, 0.7169117647058824, 0.7222222222222222, 0.7335526315789473, 0.734375, 0.7440476190476191, 0.7443181818181818, 0.7472826086956522, 0.7552083333333334, 0.755, 0.7572115384615384, 0.7638888888888888, 0.7633928571428571, 0.7672413793103449, 0.7666666666666667, 0.7641129032258065, 0.76171875, 0.7651515151515151, 0.7647058823529411, 0.7696428571428572, 0.7743055555555556, 0.777027027027027, 0.7730263157894737, 0.7788461538461539, 0.78125, 0.7820121951219512, 0.7827380952380952, 0.7834302325581395, 0.7840909090909091, 0.7833333333333333, 0.7839673913043478, 0.7845744680851063, 0.7877604166666666, 0.7869897959183674, 0.78875, 0.7904411764705882, 0.7920673076923077, 0.7924528301886793, 0.7905092592592593, 0.7897727272727273, 0.7868303571428571, 0.7894736842105263, 0.790948275862069, 0.7913135593220338, 0.7947916666666667, 0.7961065573770492, 0.7993951612903226, 0.7996031746031746, 0.8017578125, 0.7990384615384616, 0.7964015151515151, 0.7994402985074627, 0.7987132352941176, 0.7998188405797102, 0.8, 0.7984154929577465, 0.7986111111111112, 0.800513698630137, 0.799831081081081, 0.8016666666666666, 0.8042763157894737, 0.8044189852700491]}